"","pclass","sex","age","sibsp","parch","fare","embarked","survived"
"1",1,0,29,0,0,211.3375,3,"survived"
"2",1,1,0.92,1,2,151.55,3,"survived"
"3",1,0,2,1,2,151.55,3,"dead"
"4",1,1,30,1,2,151.55,3,"dead"
"5",1,0,25,1,2,151.55,3,"dead"
"6",1,1,48,0,0,26.55,3,"survived"
"7",1,0,63,1,0,77.9583,3,"survived"
"8",1,1,39,0,0,0,3,"dead"
"9",1,0,53,2,0,51.4792,3,"survived"
"10",1,1,71,0,0,49.5042,1,"dead"
"11",1,1,47,1,0,227.525,1,"dead"
"12",1,0,18,1,0,227.525,1,"survived"
"13",1,0,24,0,0,69.3,1,"survived"
"14",1,0,26,0,0,78.85,3,"survived"
"15",1,1,80,0,0,30,3,"survived"
"16",1,1,0,0,0,25.925,3,"dead"
"17",1,1,24,0,1,247.5208,1,"dead"
"18",1,0,50,0,1,247.5208,1,"survived"
"19",1,0,32,0,0,76.2917,1,"survived"
"20",1,1,36,0,0,75.2417,1,"dead"
"21",1,1,37,1,1,52.5542,3,"survived"
"22",1,0,47,1,1,52.5542,3,"survived"
"23",1,1,26,0,0,30,1,"survived"
"24",1,0,42,0,0,227.525,1,"survived"
"25",1,0,29,0,0,221.7792,3,"survived"
"26",1,1,25,0,0,26,1,"dead"
"27",1,1,25,1,0,91.0792,1,"survived"
"28",1,0,19,1,0,91.0792,1,"survived"
"29",1,0,35,0,0,135.6333,3,"survived"
"30",1,1,28,0,0,26.55,3,"survived"
"31",1,1,45,0,0,35.5,3,"dead"
"32",1,1,40,0,0,31,1,"survived"
"33",1,0,30,0,0,164.8667,3,"survived"
"34",1,0,58,0,0,26.55,3,"survived"
"35",1,1,42,0,0,26.55,3,"dead"
"36",1,0,45,0,0,262.375,1,"survived"
"37",1,0,22,0,1,55,3,"survived"
"38",1,1,0,0,0,26.55,3,"survived"
"39",1,1,41,0,0,30.5,3,"dead"
"40",1,1,48,0,0,50.4958,1,"dead"
"41",1,1,0,0,0,39.6,1,"dead"
"42",1,0,44,0,0,27.7208,1,"survived"
"43",1,0,59,2,0,51.4792,3,"survived"
"44",1,0,60,0,0,76.2917,1,"survived"
"45",1,0,41,0,0,134.5,1,"survived"
"46",1,1,45,0,0,26.55,3,"dead"
"47",1,1,0,0,0,31,3,"dead"
"48",1,1,42,0,0,26.2875,3,"survived"
"49",1,0,53,0,0,27.4458,1,"survived"
"50",1,1,36,0,1,512.3292,1,"survived"
"51",1,0,58,0,1,512.3292,1,"survived"
"52",1,1,33,0,0,5,3,"dead"
"53",1,1,28,0,0,47.1,3,"dead"
"54",1,1,17,0,0,47.1,3,"dead"
"55",1,1,11,1,2,120,3,"survived"
"56",1,0,14,1,2,120,3,"survived"
"57",1,1,36,1,2,120,3,"survived"
"58",1,0,36,1,2,120,3,"survived"
"59",1,1,49,0,0,26,3,"dead"
"60",1,0,0,0,0,27.7208,1,"survived"
"61",1,1,36,1,0,78.85,3,"dead"
"62",1,0,76,1,0,78.85,3,"survived"
"63",1,1,46,1,0,61.175,3,"dead"
"64",1,0,47,1,0,61.175,3,"survived"
"65",1,1,27,1,0,53.1,3,"survived"
"66",1,0,33,1,0,53.1,3,"survived"
"67",1,0,36,0,0,262.375,1,"survived"
"68",1,0,30,0,0,86.5,3,"survived"
"69",1,1,45,0,0,29.7,1,"survived"
"70",1,0,0,0,1,55,3,"survived"
"71",1,1,0,0,0,0,3,"dead"
"72",1,1,27,1,0,136.7792,1,"dead"
"73",1,0,26,1,0,136.7792,1,"survived"
"74",1,0,22,0,0,151.55,3,"survived"
"75",1,1,0,0,0,52,3,"dead"
"76",1,1,47,0,0,25.5875,3,"dead"
"77",1,0,39,1,1,83.1583,1,"survived"
"78",1,1,37,1,1,83.1583,1,"dead"
"79",1,0,64,0,2,83.1583,1,"survived"
"80",1,0,55,2,0,25.7,3,"survived"
"81",1,1,0,0,0,26.55,3,"dead"
"82",1,1,70,1,1,71,3,"dead"
"83",1,0,36,0,2,71,3,"survived"
"84",1,0,64,1,1,26.55,3,"survived"
"85",1,1,39,1,0,71.2833,1,"dead"
"86",1,0,38,1,0,71.2833,1,"survived"
"87",1,1,51,0,0,26.55,3,"survived"
"88",1,1,27,0,0,30.5,3,"survived"
"89",1,0,33,0,0,151.55,3,"survived"
"90",1,1,31,1,0,52,3,"dead"
"91",1,0,27,1,2,52,3,"survived"
"92",1,1,31,1,0,57,3,"survived"
"93",1,0,17,1,0,57,3,"survived"
"94",1,1,53,1,1,81.8583,3,"survived"
"95",1,1,4,0,2,81.8583,3,"survived"
"96",1,0,54,1,1,81.8583,3,"survived"
"97",1,1,50,1,0,106.425,1,"dead"
"98",1,0,27,1,1,247.5208,1,"survived"
"99",1,0,48,1,0,106.425,1,"survived"
"100",1,0,48,1,0,39.6,1,"survived"
"101",1,1,49,1,0,56.9292,1,"survived"
"102",1,1,39,0,0,29.7,1,"dead"
"103",1,0,23,0,1,83.1583,1,"survived"
"104",1,0,38,0,0,227.525,1,"survived"
"105",1,0,54,1,0,78.2667,1,"survived"
"106",1,0,36,0,0,31.6792,1,"dead"
"107",1,1,0,0,0,221.7792,3,"dead"
"108",1,0,0,0,0,31.6833,3,"survived"
"109",1,0,0,0,0,110.8833,1,"survived"
"110",1,1,36,0,0,26.3875,3,"survived"
"111",1,1,30,0,0,27.75,1,"dead"
"112",1,0,24,3,2,263,3,"survived"
"113",1,0,28,3,2,263,3,"survived"
"114",1,0,23,3,2,263,3,"survived"
"115",1,1,19,3,2,263,3,"dead"
"116",1,1,64,1,4,263,3,"dead"
"117",1,0,60,1,4,263,3,"survived"
"118",1,0,30,0,0,56.9292,1,"survived"
"119",1,1,0,0,0,26.55,3,"dead"
"120",1,1,50,2,0,133.65,3,"survived"
"121",1,1,43,1,0,27.7208,1,"survived"
"122",1,0,0,1,0,133.65,3,"survived"
"123",1,0,22,0,2,49.5,1,"survived"
"124",1,1,60,1,1,79.2,1,"survived"
"125",1,0,48,1,1,79.2,1,"survived"
"126",1,1,0,0,0,0,3,"dead"
"127",1,1,37,1,0,53.1,3,"dead"
"128",1,0,35,1,0,53.1,3,"survived"
"129",1,1,47,0,0,38.5,3,"dead"
"130",1,0,35,0,0,211.5,1,"survived"
"131",1,0,22,0,1,59.4,1,"survived"
"132",1,0,45,0,1,59.4,1,"survived"
"133",1,1,24,0,0,79.2,1,"dead"
"134",1,1,49,1,0,89.1042,1,"survived"
"135",1,0,0,1,0,89.1042,1,"survived"
"136",1,1,71,0,0,34.6542,1,"dead"
"137",1,1,53,0,0,28.5,1,"survived"
"138",1,0,19,0,0,30,3,"survived"
"139",1,1,38,0,1,153.4625,3,"dead"
"140",1,0,58,0,1,153.4625,3,"survived"
"141",1,1,23,0,1,63.3583,1,"survived"
"142",1,0,45,0,1,63.3583,1,"survived"
"143",1,1,46,0,0,79.2,1,"dead"
"144",1,1,25,1,0,55.4417,1,"survived"
"145",1,0,25,1,0,55.4417,1,"survived"
"146",1,1,48,1,0,76.7292,1,"survived"
"147",1,0,49,1,0,76.7292,1,"survived"
"148",1,1,0,0,0,42.4,3,"dead"
"149",1,1,45,1,0,83.475,3,"dead"
"150",1,0,35,1,0,83.475,3,"survived"
"151",1,1,40,0,0,0,3,"dead"
"152",1,1,27,0,0,76.7292,1,"survived"
"153",1,1,0,0,0,30,3,"survived"
"154",1,0,24,0,0,83.1583,1,"survived"
"155",1,1,55,1,1,93.5,3,"dead"
"156",1,0,52,1,1,93.5,3,"survived"
"157",1,1,42,0,0,42.5,3,"dead"
"158",1,1,0,0,0,51.8625,3,"dead"
"159",1,1,55,0,0,50,3,"dead"
"160",1,0,16,0,1,57.9792,1,"survived"
"161",1,0,44,0,1,57.9792,1,"survived"
"162",1,0,51,1,0,77.9583,3,"survived"
"163",1,1,42,1,0,52,3,"dead"
"164",1,0,35,1,0,52,3,"survived"
"165",1,1,35,0,0,26.55,1,"survived"
"166",1,1,38,1,0,90,3,"survived"
"167",1,1,0,0,0,30.6958,1,"dead"
"168",1,0,35,1,0,90,3,"survived"
"169",1,0,50,0,0,28.7125,1,"dead"
"170",1,1,49,0,0,0,3,"survived"
"171",1,1,46,0,0,26,3,"dead"
"172",1,1,50,0,0,26,3,"dead"
"173",1,1,32.5,0,0,211.5,1,"dead"
"174",1,1,58,0,0,29.7,1,"dead"
"175",1,1,41,1,0,51.8625,3,"dead"
"176",1,0,0,1,0,51.8625,3,"survived"
"177",1,1,42,1,0,52.5542,3,"survived"
"178",1,0,45,1,0,52.5542,3,"survived"
"179",1,1,0,0,0,26.55,3,"dead"
"180",1,0,39,0,0,211.3375,3,"survived"
"181",1,0,49,0,0,25.9292,3,"survived"
"182",1,0,30,0,0,106.425,1,"survived"
"183",1,1,35,0,0,512.3292,1,"survived"
"184",1,1,0,0,0,27.7208,1,"dead"
"185",1,1,42,0,0,26.55,3,"dead"
"186",1,0,55,0,0,27.7208,1,"survived"
"187",1,0,16,0,1,39.4,3,"survived"
"188",1,0,51,0,1,39.4,3,"survived"
"189",1,1,29,0,0,30,3,"dead"
"190",1,0,21,0,0,77.9583,3,"survived"
"191",1,1,30,0,0,45.5,3,"dead"
"192",1,0,58,0,0,146.5208,1,"survived"
"193",1,0,15,0,1,211.3375,3,"survived"
"194",1,1,30,0,0,26,3,"dead"
"195",1,0,16,0,0,86.5,3,"survived"
"196",1,1,0,0,0,29.7,1,"survived"
"197",1,1,19,1,0,53.1,3,"dead"
"198",1,0,18,1,0,53.1,3,"survived"
"199",1,0,24,0,0,49.5042,1,"survived"
"200",1,1,46,0,0,75.2417,1,"dead"
"201",1,1,54,0,0,51.8625,3,"dead"
"202",1,1,36,0,0,26.2875,3,"survived"
"203",1,1,28,1,0,82.1708,1,"dead"
"204",1,0,0,1,0,82.1708,1,"survived"
"205",1,1,65,0,0,26.55,3,"dead"
"206",1,1,44,2,0,90,2,"dead"
"207",1,0,33,1,0,90,2,"survived"
"208",1,0,37,1,0,90,2,"survived"
"209",1,1,30,1,0,57.75,1,"survived"
"210",1,1,55,0,0,30.5,3,"dead"
"211",1,1,47,0,0,42.4,3,"dead"
"212",1,1,37,0,1,29.7,1,"dead"
"213",1,0,31,1,0,113.275,1,"survived"
"214",1,0,23,1,0,113.275,1,"survived"
"215",1,1,58,0,2,113.275,1,"dead"
"216",1,0,19,0,2,26.2833,3,"survived"
"217",1,1,64,0,0,26,3,"dead"
"218",1,0,39,0,0,108.9,1,"survived"
"219",1,1,0,0,0,25.7417,1,"survived"
"220",1,0,22,0,1,61.9792,1,"survived"
"221",1,1,65,0,1,61.9792,1,"dead"
"222",1,1,28.5,0,0,27.7208,1,"dead"
"223",1,1,0,0,0,0,3,"dead"
"224",1,1,45.5,0,0,28.5,3,"dead"
"225",1,1,23,0,0,93.5,3,"dead"
"226",1,1,29,1,0,66.6,3,"dead"
"227",1,0,22,1,0,66.6,3,"survived"
"228",1,1,18,1,0,108.9,1,"dead"
"229",1,0,17,1,0,108.9,1,"survived"
"230",1,0,30,0,0,93.5,3,"survived"
"231",1,1,52,0,0,30.5,3,"survived"
"232",1,1,47,0,0,52,3,"dead"
"233",1,0,56,0,1,83.1583,1,"survived"
"234",1,1,38,0,0,0,3,"dead"
"235",1,1,0,0,0,39.6,3,"survived"
"236",1,1,22,0,0,135.6333,1,"dead"
"237",1,1,0,0,0,227.525,1,"dead"
"238",1,0,43,0,1,211.3375,3,"survived"
"239",1,1,31,0,0,50.4958,3,"dead"
"240",1,1,45,0,0,26.55,3,"survived"
"241",1,1,0,0,0,50,3,"dead"
"242",1,0,33,0,0,27.7208,1,"survived"
"243",1,1,46,0,0,79.2,1,"dead"
"244",1,1,36,0,0,40.125,1,"dead"
"245",1,0,33,0,0,86.5,3,"survived"
"246",1,1,55,1,0,59.4,1,"dead"
"247",1,0,54,1,0,59.4,1,"survived"
"248",1,1,33,0,0,26.55,3,"dead"
"249",1,1,13,2,2,262.375,1,"survived"
"250",1,0,18,2,2,262.375,1,"survived"
"251",1,0,21,2,2,262.375,1,"survived"
"252",1,1,61,1,3,262.375,1,"dead"
"253",1,0,48,1,3,262.375,1,"survived"
"254",1,1,0,0,0,30.5,3,"survived"
"255",1,0,24,0,0,69.3,1,"survived"
"256",1,1,0,0,0,26,3,"survived"
"257",1,0,35,1,0,57.75,1,"survived"
"258",1,0,30,0,0,31,1,"survived"
"259",1,1,34,0,0,26.55,3,"survived"
"260",1,0,40,0,0,153.4625,3,"survived"
"261",1,1,35,0,0,26.2875,3,"survived"
"262",1,1,50,1,0,55.9,3,"dead"
"263",1,0,39,1,0,55.9,3,"survived"
"264",1,1,56,0,0,35.5,1,"survived"
"265",1,1,28,0,0,35.5,3,"survived"
"266",1,1,56,0,0,26.55,3,"dead"
"267",1,1,56,0,0,30.6958,1,"dead"
"268",1,1,24,1,0,60,3,"dead"
"269",1,1,0,0,0,26,3,"dead"
"270",1,0,18,1,0,60,3,"survived"
"271",1,1,24,1,0,82.2667,3,"survived"
"272",1,0,23,1,0,82.2667,3,"survived"
"273",1,1,6,0,2,134.5,1,"survived"
"274",1,1,45,1,1,134.5,1,"survived"
"275",1,0,40,1,1,134.5,1,"survived"
"276",1,1,57,1,0,146.5208,1,"dead"
"277",1,0,0,1,0,146.5208,1,"survived"
"278",1,1,32,0,0,30.5,1,"survived"
"279",1,1,62,0,0,26.55,3,"dead"
"280",1,1,54,1,0,55.4417,1,"survived"
"281",1,0,43,1,0,55.4417,1,"survived"
"282",1,0,52,1,0,78.2667,1,"survived"
"283",1,1,0,0,0,27.7208,1,"dead"
"284",1,1,67,1,0,221.7792,3,"dead"
"285",1,0,63,1,0,221.7792,3,"dead"
"286",1,1,61,0,0,32.3208,3,"dead"
"287",1,0,48,0,0,25.9292,3,"survived"
"288",1,0,18,0,2,79.65,3,"survived"
"289",1,1,52,1,1,79.65,3,"dead"
"290",1,0,39,1,1,79.65,3,"survived"
"291",1,1,48,1,0,52,3,"survived"
"292",1,0,0,1,0,52,3,"survived"
"293",1,1,49,1,1,110.8833,1,"dead"
"294",1,1,17,0,2,110.8833,1,"survived"
"295",1,0,39,1,1,110.8833,1,"survived"
"296",1,0,0,0,0,79.2,1,"survived"
"297",1,1,31,0,0,28.5375,1,"survived"
"298",1,1,40,0,0,27.7208,1,"dead"
"299",1,1,61,0,0,33.5,3,"dead"
"300",1,1,47,0,0,34.0208,3,"dead"
"301",1,0,35,0,0,512.3292,1,"survived"
"302",1,1,64,1,0,75.25,1,"dead"
"303",1,0,60,1,0,75.25,1,"survived"
"304",1,1,60,0,0,26.55,3,"dead"
"305",1,1,54,0,1,77.2875,3,"dead"
"306",1,1,21,0,1,77.2875,3,"dead"
"307",1,0,55,0,0,135.6333,1,"survived"
"308",1,0,31,0,2,164.8667,3,"survived"
"309",1,1,57,1,1,164.8667,3,"dead"
"310",1,0,45,1,1,164.8667,3,"survived"
"311",1,1,50,1,1,211.5,1,"dead"
"312",1,1,27,0,2,211.5,1,"dead"
"313",1,0,50,1,1,211.5,1,"survived"
"314",1,0,21,0,0,26.55,3,"survived"
"315",1,1,51,0,1,61.3792,1,"dead"
"316",1,1,21,0,1,61.3792,1,"survived"
"317",1,1,0,0,0,35,3,"dead"
"318",1,0,31,0,0,134.5,1,"survived"
"319",1,1,0,0,0,35.5,3,"survived"
"320",1,1,62,0,0,26.55,3,"dead"
"321",1,0,36,0,0,135.6333,1,"survived"
"322",2,1,30,1,0,24,1,"dead"
"323",2,0,28,1,0,24,1,"survived"
"324",2,1,30,0,0,13,3,"dead"
"325",2,1,18,0,0,11.5,3,"dead"
"326",2,1,25,0,0,10.5,3,"dead"
"327",2,1,34,1,0,26,3,"dead"
"328",2,0,36,1,0,26,3,"survived"
"329",2,1,57,0,0,13,3,"dead"
"330",2,1,18,0,0,11.5,3,"dead"
"331",2,1,23,0,0,10.5,3,"dead"
"332",2,0,36,0,0,13,3,"survived"
"333",2,1,28,0,0,10.5,3,"dead"
"334",2,1,51,0,0,12.525,3,"dead"
"335",2,1,32,1,0,26,3,"survived"
"336",2,0,19,1,0,26,3,"survived"
"337",2,1,28,0,0,26,3,"dead"
"338",2,1,1,2,1,39,3,"survived"
"339",2,0,4,2,1,39,3,"survived"
"340",2,0,12,2,1,39,3,"survived"
"341",2,0,36,0,3,39,3,"survived"
"342",2,1,34,0,0,13,3,"survived"
"343",2,0,19,0,0,13,3,"survived"
"344",2,1,23,0,0,13,3,"dead"
"345",2,1,26,0,0,13,3,"dead"
"346",2,1,42,0,0,13,3,"dead"
"347",2,1,27,0,0,13,3,"dead"
"348",2,0,24,0,0,13,3,"survived"
"349",2,0,15,0,2,39,3,"survived"
"350",2,1,60,1,1,39,3,"dead"
"351",2,0,40,1,1,39,3,"survived"
"352",2,0,20,1,0,26,3,"survived"
"353",2,1,25,1,0,26,3,"dead"
"354",2,0,36,0,0,13,3,"survived"
"355",2,1,25,0,0,13,3,"dead"
"356",2,1,42,0,0,13,3,"dead"
"357",2,0,42,0,0,13,3,"survived"
"358",2,1,0.83,0,2,29,3,"survived"
"359",2,1,26,1,1,29,3,"survived"
"360",2,0,22,1,1,29,3,"survived"
"361",2,0,35,0,0,21,3,"survived"
"362",2,1,0,0,0,0,3,"dead"
"363",2,1,19,0,0,13,3,"dead"
"364",2,0,44,1,0,26,3,"dead"
"365",2,1,54,1,0,26,3,"dead"
"366",2,1,52,0,0,13.5,3,"dead"
"367",2,1,37,1,0,26,3,"dead"
"368",2,0,29,1,0,26,3,"dead"
"369",2,0,25,1,1,30,3,"survived"
"370",2,0,45,0,2,30,3,"survived"
"371",2,1,29,1,0,26,3,"dead"
"372",2,0,28,1,0,26,3,"survived"
"373",2,1,29,0,0,10.5,3,"dead"
"374",2,1,28,0,0,13,3,"dead"
"375",2,1,24,0,0,10.5,3,"survived"
"376",2,0,8,0,2,26.25,3,"survived"
"377",2,1,31,1,1,26.25,3,"dead"
"378",2,0,31,1,1,26.25,3,"survived"
"379",2,0,22,0,0,10.5,3,"survived"
"380",2,0,30,0,0,13,3,"dead"
"381",2,0,0,0,0,21,3,"dead"
"382",2,1,21,0,0,11.5,3,"dead"
"383",2,1,0,0,0,0,3,"dead"
"384",2,1,8,1,1,36.75,3,"survived"
"385",2,1,18,0,0,73.5,3,"dead"
"386",2,0,48,0,2,36.75,3,"survived"
"387",2,0,28,0,0,13,3,"survived"
"388",2,1,32,0,0,13,3,"dead"
"389",2,1,17,0,0,73.5,3,"dead"
"390",2,1,29,1,0,27.7208,1,"dead"
"391",2,0,24,1,0,27.7208,1,"survived"
"392",2,1,25,0,0,31.5,3,"dead"
"393",2,1,18,0,0,73.5,3,"dead"
"394",2,0,18,0,1,23,3,"survived"
"395",2,0,34,0,1,23,3,"survived"
"396",2,1,54,0,0,26,3,"dead"
"397",2,1,8,0,2,32.5,3,"survived"
"398",2,1,42,1,1,32.5,3,"dead"
"399",2,0,34,1,1,32.5,3,"survived"
"400",2,0,27,1,0,13.8583,1,"survived"
"401",2,0,30,1,0,13.8583,1,"survived"
"402",2,1,23,0,0,13,3,"dead"
"403",2,1,21,0,0,13,3,"dead"
"404",2,1,18,0,0,13,3,"dead"
"405",2,1,40,1,0,26,3,"dead"
"406",2,0,29,1,0,26,3,"survived"
"407",2,1,18,0,0,10.5,3,"dead"
"408",2,1,36,0,0,13,3,"dead"
"409",2,1,0,0,0,0,3,"dead"
"410",2,0,38,0,0,13,3,"dead"
"411",2,1,35,0,0,26,3,"dead"
"412",2,1,38,1,0,21,3,"dead"
"413",2,1,34,1,0,21,3,"dead"
"414",2,0,34,0,0,13,3,"survived"
"415",2,1,16,0,0,26,3,"dead"
"416",2,1,26,0,0,10.5,3,"dead"
"417",2,1,47,0,0,10.5,3,"dead"
"418",2,1,21,1,0,11.5,3,"dead"
"419",2,1,21,1,0,11.5,3,"dead"
"420",2,1,24,0,0,13.5,3,"dead"
"421",2,1,24,0,0,13,3,"dead"
"422",2,1,34,0,0,13,3,"dead"
"423",2,1,30,0,0,13,3,"dead"
"424",2,1,52,0,0,13,3,"dead"
"425",2,1,30,0,0,13,3,"dead"
"426",2,1,0.67,1,1,14.5,3,"survived"
"427",2,0,24,0,2,14.5,3,"survived"
"428",2,1,44,0,0,13,3,"dead"
"429",2,0,6,0,1,33,3,"survived"
"430",2,1,28,0,1,33,3,"dead"
"431",2,1,62,0,0,10.5,3,"survived"
"432",2,1,30,0,0,10.5,3,"dead"
"433",2,0,7,0,2,26.25,3,"survived"
"434",2,1,43,1,1,26.25,3,"dead"
"435",2,0,45,1,1,26.25,3,"survived"
"436",2,0,24,1,2,65,3,"survived"
"437",2,0,24,1,2,65,3,"survived"
"438",2,1,49,1,2,65,3,"dead"
"439",2,0,48,1,2,65,3,"survived"
"440",2,0,55,0,0,16,3,"survived"
"441",2,1,24,2,0,73.5,3,"dead"
"442",2,1,32,2,0,73.5,3,"dead"
"443",2,1,21,2,0,73.5,3,"dead"
"444",2,0,18,1,1,13,3,"dead"
"445",2,0,20,2,1,23,3,"survived"
"446",2,1,23,2,1,11.5,3,"dead"
"447",2,1,36,0,0,13,3,"dead"
"448",2,0,54,1,3,23,3,"survived"
"449",2,1,50,0,0,13,3,"dead"
"450",2,1,44,1,0,26,3,"dead"
"451",2,0,29,1,0,26,3,"survived"
"452",2,1,21,0,0,73.5,3,"dead"
"453",2,1,42,0,0,13,3,"survived"
"454",2,1,63,1,0,26,3,"dead"
"455",2,0,60,1,0,26,3,"dead"
"456",2,1,33,0,0,12.275,3,"dead"
"457",2,0,17,0,0,10.5,3,"survived"
"458",2,1,42,1,0,27,3,"dead"
"459",2,0,24,2,1,27,3,"survived"
"460",2,1,47,0,0,15,3,"dead"
"461",2,1,24,2,0,31.5,3,"dead"
"462",2,1,22,2,0,31.5,3,"dead"
"463",2,1,32,0,0,10.5,3,"dead"
"464",2,0,23,0,0,13.7917,1,"survived"
"465",2,1,34,1,0,26,3,"dead"
"466",2,0,24,1,0,26,3,"survived"
"467",2,0,22,0,0,21,3,"dead"
"468",2,0,0,0,0,12.35,2,"survived"
"469",2,1,35,0,0,12.35,2,"dead"
"470",2,0,45,0,0,13.5,3,"survived"
"471",2,1,57,0,0,12.35,2,"dead"
"472",2,1,0,0,0,0,3,"dead"
"473",2,1,31,0,0,10.5,3,"dead"
"474",2,0,26,1,1,26,3,"dead"
"475",2,1,30,1,1,26,3,"dead"
"476",2,1,0,0,0,10.7083,2,"dead"
"477",2,0,1,1,2,41.5792,1,"survived"
"478",2,0,3,1,2,41.5792,1,"survived"
"479",2,1,25,1,2,41.5792,1,"dead"
"480",2,0,22,1,2,41.5792,1,"survived"
"481",2,0,17,0,0,12,1,"survived"
"482",2,0,0,0,0,33,3,"survived"
"483",2,0,34,0,0,10.5,3,"survived"
"484",2,1,36,0,0,12.875,1,"dead"
"485",2,1,24,0,0,10.5,3,"dead"
"486",2,1,61,0,0,12.35,2,"dead"
"487",2,1,50,1,0,26,3,"dead"
"488",2,0,42,1,0,26,3,"survived"
"489",2,0,57,0,0,10.5,3,"dead"
"490",2,1,0,0,0,15.0458,1,"dead"
"491",2,1,1,0,2,37.0042,1,"survived"
"492",2,1,31,1,1,37.0042,1,"dead"
"493",2,0,24,1,1,37.0042,1,"survived"
"494",2,1,0,0,0,15.5792,1,"dead"
"495",2,1,30,0,0,13,3,"dead"
"496",2,1,40,0,0,16,3,"dead"
"497",2,1,32,0,0,13.5,3,"dead"
"498",2,1,30,0,0,13,3,"dead"
"499",2,1,46,0,0,26,3,"dead"
"500",2,0,13,0,1,19.5,3,"survived"
"501",2,0,41,0,1,19.5,3,"survived"
"502",2,1,19,0,0,10.5,3,"survived"
"503",2,1,39,0,0,13,3,"dead"
"504",2,1,48,0,0,13,3,"dead"
"505",2,1,70,0,0,10.5,3,"dead"
"506",2,1,27,0,0,13,3,"dead"
"507",2,1,54,0,0,14,3,"dead"
"508",2,1,39,0,0,26,3,"dead"
"509",2,1,16,0,0,10.5,3,"dead"
"510",2,1,62,0,0,9.6875,2,"dead"
"511",2,1,32.5,1,0,30.0708,1,"dead"
"512",2,0,14,1,0,30.0708,1,"survived"
"513",2,1,2,1,1,26,3,"survived"
"514",2,1,3,1,1,26,3,"survived"
"515",2,1,36.5,0,2,26,3,"dead"
"516",2,1,26,0,0,13,3,"dead"
"517",2,1,19,1,1,36.75,3,"dead"
"518",2,1,28,0,0,13.5,3,"dead"
"519",2,1,20,0,0,13.8625,1,"survived"
"520",2,0,29,0,0,10.5,3,"survived"
"521",2,1,39,0,0,13,3,"dead"
"522",2,1,22,0,0,10.5,3,"survived"
"523",2,1,0,0,0,13.8625,1,"survived"
"524",2,1,23,0,0,10.5,3,"dead"
"525",2,1,29,0,0,13.8583,1,"survived"
"526",2,1,28,0,0,10.5,3,"dead"
"527",2,1,0,0,0,0,3,"dead"
"528",2,0,50,0,1,26,3,"survived"
"529",2,1,19,0,0,10.5,3,"dead"
"530",2,1,0,0,0,15.05,1,"dead"
"531",2,1,41,0,0,13,3,"dead"
"532",2,0,21,0,1,21,3,"survived"
"533",2,0,19,0,0,26,3,"survived"
"534",2,1,43,0,1,21,3,"dead"
"535",2,0,32,0,0,13,3,"survived"
"536",2,1,34,0,0,13,3,"dead"
"537",2,1,30,0,0,12.7375,1,"survived"
"538",2,1,27,0,0,15.0333,1,"dead"
"539",2,0,2,1,1,26,3,"survived"
"540",2,0,8,1,1,26,3,"survived"
"541",2,0,33,0,2,26,3,"survived"
"542",2,1,36,0,0,10.5,3,"dead"
"543",2,1,34,1,0,21,3,"dead"
"544",2,0,30,3,0,21,3,"survived"
"545",2,0,28,0,0,13,3,"survived"
"546",2,1,23,0,0,15.0458,1,"dead"
"547",2,1,0.83,1,1,18.75,3,"survived"
"548",2,1,3,1,1,18.75,3,"survived"
"549",2,0,24,2,3,18.75,3,"survived"
"550",2,0,50,0,0,10.5,3,"survived"
"551",2,1,19,0,0,10.5,3,"dead"
"552",2,0,21,0,0,10.5,3,"survived"
"553",2,1,26,0,0,13,3,"dead"
"554",2,1,25,0,0,13,3,"dead"
"555",2,1,27,0,0,26,3,"dead"
"556",2,0,25,0,1,26,3,"survived"
"557",2,0,18,0,2,13,3,"survived"
"558",2,0,20,0,0,36.75,3,"survived"
"559",2,0,30,0,0,13,3,"survived"
"560",2,1,59,0,0,13.5,3,"dead"
"561",2,0,30,0,0,12.35,2,"survived"
"562",2,1,35,0,0,10.5,3,"dead"
"563",2,0,40,0,0,13,3,"survived"
"564",2,1,25,0,0,13,3,"dead"
"565",2,1,41,0,0,15.0458,1,"dead"
"566",2,1,25,0,0,10.5,3,"dead"
"567",2,1,18.5,0,0,13,3,"dead"
"568",2,1,14,0,0,65,3,"dead"
"569",2,0,50,0,0,10.5,3,"survived"
"570",2,1,23,0,0,13,3,"dead"
"571",2,0,28,0,0,12.65,3,"survived"
"572",2,0,27,0,0,10.5,3,"survived"
"573",2,1,29,1,0,21,3,"dead"
"574",2,0,27,1,0,21,3,"dead"
"575",2,1,40,0,0,13,3,"dead"
"576",2,0,31,0,0,21,3,"survived"
"577",2,1,30,1,0,21,3,"dead"
"578",2,1,23,1,0,10.5,3,"dead"
"579",2,0,31,0,0,21,3,"survived"
"580",2,1,0,0,0,0,3,"dead"
"581",2,0,12,0,0,15.75,3,"survived"
"582",2,0,40,0,0,15.75,3,"survived"
"583",2,0,32.5,0,0,13,3,"survived"
"584",2,1,27,1,0,26,3,"dead"
"585",2,0,29,1,0,26,3,"survived"
"586",2,1,2,1,1,23,3,"survived"
"587",2,0,4,1,1,23,3,"survived"
"588",2,0,29,0,2,23,3,"survived"
"589",2,0,0.92,1,2,27.75,3,"survived"
"590",2,0,5,1,2,27.75,3,"survived"
"591",2,1,36,1,2,27.75,3,"dead"
"592",2,0,33,1,2,27.75,3,"survived"
"593",2,1,66,0,0,10.5,3,"dead"
"594",2,1,0,0,0,12.875,3,"dead"
"595",2,1,31,0,0,13,3,"survived"
"596",2,1,0,0,0,13,3,"survived"
"597",2,0,26,0,0,13.5,3,"survived"
"598",2,0,24,0,0,13,3,"dead"
"599",3,1,42,0,0,7.55,3,"dead"
"600",3,1,13,0,2,20.25,3,"dead"
"601",3,1,16,1,1,20.25,3,"dead"
"602",3,0,35,1,1,20.25,3,"survived"
"603",3,0,16,0,0,7.65,3,"survived"
"604",3,1,25,0,0,7.65,3,"survived"
"605",3,1,20,0,0,7.925,3,"survived"
"606",3,0,18,0,0,7.2292,1,"survived"
"607",3,1,30,0,0,7.25,3,"dead"
"608",3,1,26,0,0,8.05,3,"dead"
"609",3,0,40,1,0,9.475,3,"dead"
"610",3,1,0.83,0,1,9.35,3,"survived"
"611",3,0,18,0,1,9.35,3,"survived"
"612",3,1,26,0,0,18.7875,1,"survived"
"613",3,1,26,0,0,7.8875,3,"dead"
"614",3,1,20,0,0,7.925,3,"dead"
"615",3,1,24,0,0,7.05,3,"dead"
"616",3,1,25,0,0,7.05,3,"dead"
"617",3,1,35,0,0,8.05,3,"dead"
"618",3,1,18,0,0,8.3,3,"dead"
"619",3,1,32,0,0,22.525,3,"dead"
"620",3,0,19,1,0,7.8542,3,"survived"
"621",3,1,4,4,2,31.275,3,"dead"
"622",3,0,6,4,2,31.275,3,"dead"
"623",3,0,2,4,2,31.275,3,"dead"
"624",3,0,17,4,2,7.925,3,"survived"
"625",3,0,38,4,2,7.775,3,"dead"
"626",3,0,9,4,2,31.275,3,"dead"
"627",3,0,11,4,2,31.275,3,"dead"
"628",3,1,39,1,5,31.275,3,"dead"
"629",3,1,27,0,0,7.7958,3,"survived"
"630",3,1,26,0,0,7.775,3,"dead"
"631",3,0,39,1,5,31.275,3,"dead"
"632",3,1,20,0,0,7.8542,3,"dead"
"633",3,1,26,0,0,7.8958,3,"dead"
"634",3,1,25,1,0,17.8,3,"dead"
"635",3,0,18,1,0,17.8,3,"dead"
"636",3,1,24,0,0,7.775,3,"dead"
"637",3,1,35,0,0,7.05,3,"dead"
"638",3,1,5,4,2,31.3875,3,"dead"
"639",3,1,9,4,2,31.3875,3,"dead"
"640",3,1,3,4,2,31.3875,3,"survived"
"641",3,1,13,4,2,31.3875,3,"dead"
"642",3,0,5,4,2,31.3875,3,"survived"
"643",3,1,40,1,5,31.3875,3,"dead"
"644",3,1,23,0,0,7.7958,3,"survived"
"645",3,0,38,1,5,31.3875,3,"survived"
"646",3,0,45,0,0,7.225,1,"survived"
"647",3,1,21,0,0,7.225,1,"dead"
"648",3,1,23,0,0,7.05,3,"dead"
"649",3,0,17,0,0,14.4583,1,"dead"
"650",3,1,30,0,0,7.225,1,"dead"
"651",3,1,23,0,0,7.8542,3,"dead"
"652",3,0,13,0,0,7.2292,1,"survived"
"653",3,1,20,0,0,7.225,1,"dead"
"654",3,1,32,1,0,15.85,3,"dead"
"655",3,0,33,3,0,15.85,3,"survived"
"656",3,0,0.75,2,1,19.2583,1,"survived"
"657",3,0,0.75,2,1,19.2583,1,"survived"
"658",3,0,5,2,1,19.2583,1,"survived"
"659",3,0,24,0,3,19.2583,1,"survived"
"660",3,0,18,0,0,8.05,3,"survived"
"661",3,1,40,0,0,7.225,1,"dead"
"662",3,1,26,0,0,7.8958,3,"dead"
"663",3,1,20,0,0,7.2292,1,"survived"
"664",3,0,18,0,1,14.4542,1,"dead"
"665",3,0,45,0,1,14.4542,1,"dead"
"666",3,0,27,0,0,7.8792,2,"dead"
"667",3,1,22,0,0,8.05,3,"dead"
"668",3,1,19,0,0,8.05,3,"dead"
"669",3,1,26,0,0,7.775,3,"dead"
"670",3,1,22,0,0,9.35,3,"dead"
"671",3,1,0,0,0,7.2292,1,"dead"
"672",3,1,20,0,0,4.0125,1,"dead"
"673",3,1,32,0,0,56.4958,3,"survived"
"674",3,1,21,0,0,7.775,3,"dead"
"675",3,1,18,0,0,7.75,3,"dead"
"676",3,1,26,0,0,7.8958,3,"dead"
"677",3,1,6,1,1,15.2458,1,"dead"
"678",3,0,9,1,1,15.2458,1,"dead"
"679",3,1,0,0,0,7.225,1,"dead"
"680",3,0,0,0,2,15.2458,1,"dead"
"681",3,0,0,0,2,7.75,2,"dead"
"682",3,1,40,1,1,15.5,2,"dead"
"683",3,0,32,1,1,15.5,2,"dead"
"684",3,1,21,0,0,16.1,3,"dead"
"685",3,0,22,0,0,7.725,2,"survived"
"686",3,0,20,0,0,7.8542,3,"dead"
"687",3,1,29,1,0,7.0458,3,"dead"
"688",3,1,22,1,0,7.25,3,"dead"
"689",3,1,22,0,0,7.7958,3,"dead"
"690",3,1,35,0,0,8.05,3,"dead"
"691",3,0,18.5,0,0,7.2833,2,"dead"
"692",3,1,21,0,0,7.8208,2,"survived"
"693",3,1,19,0,0,6.75,2,"dead"
"694",3,0,18,0,0,7.8792,2,"dead"
"695",3,0,21,0,0,8.6625,3,"dead"
"696",3,0,30,0,0,8.6625,3,"dead"
"697",3,1,18,0,0,8.6625,3,"dead"
"698",3,1,38,0,0,8.6625,3,"dead"
"699",3,1,17,0,0,8.6625,3,"dead"
"700",3,1,17,0,0,8.6625,3,"dead"
"701",3,0,21,0,0,7.75,2,"dead"
"702",3,1,21,0,0,7.75,2,"dead"
"703",3,1,21,0,0,8.05,3,"dead"
"704",3,1,0,1,0,14.4583,1,"dead"
"705",3,0,0,1,0,14.4583,1,"dead"
"706",3,1,28,0,0,7.7958,3,"dead"
"707",3,1,24,0,0,7.8542,3,"dead"
"708",3,0,16,0,0,7.75,2,"survived"
"709",3,0,37,0,0,7.75,2,"dead"
"710",3,1,28,0,0,7.25,3,"dead"
"711",3,1,24,0,0,8.05,3,"dead"
"712",3,1,21,0,0,7.7333,2,"dead"
"713",3,1,32,0,0,56.4958,3,"survived"
"714",3,1,29,0,0,8.05,3,"dead"
"715",3,1,26,1,0,14.4542,1,"dead"
"716",3,1,18,1,0,14.4542,1,"dead"
"717",3,1,20,0,0,7.05,3,"dead"
"718",3,1,18,0,0,8.05,3,"survived"
"719",3,1,24,0,0,7.25,2,"dead"
"720",3,1,36,0,0,7.4958,3,"dead"
"721",3,1,24,0,0,7.4958,3,"dead"
"722",3,1,31,0,0,7.7333,2,"dead"
"723",3,1,31,0,0,7.75,2,"dead"
"724",3,0,22,0,0,7.75,2,"survived"
"725",3,0,30,0,0,7.6292,2,"dead"
"726",3,1,70.5,0,0,7.75,2,"dead"
"727",3,1,43,0,0,8.05,3,"dead"
"728",3,1,35,0,0,7.8958,3,"dead"
"729",3,1,27,0,0,7.8958,3,"dead"
"730",3,1,19,0,0,7.8958,3,"dead"
"731",3,1,30,0,0,8.05,3,"dead"
"732",3,1,9,1,1,15.9,3,"survived"
"733",3,1,3,1,1,15.9,3,"survived"
"734",3,0,36,0,2,15.9,3,"survived"
"735",3,1,59,0,0,7.25,3,"dead"
"736",3,1,19,0,0,8.1583,3,"dead"
"737",3,0,17,0,1,16.1,3,"survived"
"738",3,1,44,0,1,16.1,3,"dead"
"739",3,1,17,0,0,8.6625,3,"dead"
"740",3,1,22.5,0,0,7.225,1,"dead"
"741",3,1,45,0,0,8.05,3,"survived"
"742",3,0,22,0,0,10.5167,3,"dead"
"743",3,1,19,0,0,10.1708,3,"dead"
"744",3,0,30,0,0,6.95,2,"survived"
"745",3,1,29,0,0,7.75,2,"survived"
"746",3,1,0.33,0,2,14.4,3,"dead"
"747",3,1,34,1,1,14.4,3,"dead"
"748",3,0,28,1,1,14.4,3,"dead"
"749",3,1,27,0,0,7.8958,3,"dead"
"750",3,1,25,0,0,7.8958,3,"dead"
"751",3,1,24,2,0,24.15,3,"dead"
"752",3,1,22,0,0,8.05,3,"dead"
"753",3,1,21,2,0,24.15,3,"dead"
"754",3,1,17,2,0,8.05,3,"dead"
"755",3,1,0,1,0,16.1,3,"dead"
"756",3,0,0,1,0,16.1,3,"survived"
"757",3,1,36.5,1,0,17.4,3,"survived"
"758",3,0,36,1,0,17.4,3,"survived"
"759",3,1,30,0,0,9.5,3,"survived"
"760",3,1,16,0,0,9.5,3,"dead"
"761",3,1,1,1,2,20.575,3,"survived"
"762",3,0,0.17,1,2,20.575,3,"survived"
"763",3,1,26,1,2,20.575,3,"dead"
"764",3,0,33,1,2,20.575,3,"survived"
"765",3,1,25,0,0,7.8958,3,"dead"
"766",3,1,0,0,0,7.8958,3,"dead"
"767",3,1,0,0,0,7.8958,3,"dead"
"768",3,1,22,0,0,7.25,3,"dead"
"769",3,1,36,0,0,7.25,3,"dead"
"770",3,0,19,0,0,7.8792,2,"survived"
"771",3,1,17,0,0,7.8958,3,"dead"
"772",3,1,42,0,0,8.6625,3,"dead"
"773",3,1,43,0,0,7.8958,3,"dead"
"774",3,1,0,0,0,7.2292,1,"dead"
"775",3,1,32,0,0,7.75,2,"dead"
"776",3,1,19,0,0,8.05,3,"survived"
"777",3,0,30,0,0,12.475,3,"survived"
"778",3,0,24,0,0,7.75,2,"dead"
"779",3,0,23,0,0,8.05,3,"survived"
"780",3,1,33,0,0,7.8958,1,"dead"
"781",3,1,65,0,0,7.75,2,"dead"
"782",3,1,24,0,0,7.55,3,"survived"
"783",3,1,23,1,0,13.9,3,"dead"
"784",3,0,22,1,0,13.9,3,"survived"
"785",3,1,18,0,0,7.775,3,"dead"
"786",3,1,16,0,0,7.775,3,"dead"
"787",3,1,45,0,0,6.975,3,"dead"
"788",3,1,0,0,0,7.225,1,"dead"
"789",3,1,39,0,2,7.2292,1,"dead"
"790",3,1,17,1,1,7.2292,1,"dead"
"791",3,1,15,1,1,7.2292,1,"dead"
"792",3,1,47,0,0,7.25,3,"dead"
"793",3,0,5,0,0,12.475,3,"survived"
"794",3,1,0,0,0,7.225,1,"dead"
"795",3,1,40.5,0,0,15.1,3,"dead"
"796",3,1,40.5,0,0,7.75,2,"dead"
"797",3,1,0,0,0,7.05,3,"survived"
"798",3,1,18,0,0,7.7958,3,"dead"
"799",3,0,0,0,0,7.75,2,"dead"
"800",3,1,0,0,0,7.75,2,"dead"
"801",3,1,0,0,0,6.95,2,"dead"
"802",3,1,26,0,0,7.8792,2,"dead"
"803",3,1,0,0,0,7.75,2,"dead"
"804",3,1,0,0,0,56.4958,3,"survived"
"805",3,0,21,2,2,34.375,3,"dead"
"806",3,0,9,2,2,34.375,3,"dead"
"807",3,1,0,0,0,8.05,3,"dead"
"808",3,1,18,2,2,34.375,3,"dead"
"809",3,1,16,1,3,34.375,3,"dead"
"810",3,0,48,1,3,34.375,3,"dead"
"811",3,1,0,0,0,7.75,2,"dead"
"812",3,1,0,0,0,7.25,3,"dead"
"813",3,1,25,0,0,7.7417,2,"dead"
"814",3,1,0,0,0,14.5,3,"dead"
"815",3,1,0,0,0,7.8958,1,"dead"
"816",3,1,22,0,0,8.05,3,"dead"
"817",3,0,16,0,0,7.7333,2,"survived"
"818",3,0,0,0,0,7.75,2,"survived"
"819",3,1,9,0,2,20.525,3,"survived"
"820",3,1,33,1,1,20.525,3,"dead"
"821",3,1,41,0,0,7.85,3,"dead"
"822",3,0,31,1,1,20.525,3,"survived"
"823",3,1,38,0,0,7.05,3,"dead"
"824",3,1,9,5,2,46.9,3,"dead"
"825",3,1,1,5,2,46.9,3,"dead"
"826",3,1,11,5,2,46.9,3,"dead"
"827",3,0,10,5,2,46.9,3,"dead"
"828",3,0,16,5,2,46.9,3,"dead"
"829",3,1,14,5,2,46.9,3,"dead"
"830",3,1,40,1,6,46.9,3,"dead"
"831",3,0,43,1,6,46.9,3,"dead"
"832",3,1,51,0,0,8.05,3,"dead"
"833",3,1,32,0,0,8.3625,3,"dead"
"834",3,1,0,0,0,8.05,3,"dead"
"835",3,1,20,0,0,9.8458,3,"dead"
"836",3,1,37,2,0,7.925,3,"dead"
"837",3,1,28,2,0,7.925,3,"dead"
"838",3,1,19,0,0,7.775,3,"dead"
"839",3,0,24,0,0,8.85,3,"dead"
"840",3,0,17,0,0,7.7333,2,"dead"
"841",3,1,0,1,0,19.9667,3,"dead"
"842",3,1,0,1,0,19.9667,3,"dead"
"843",3,1,28,1,0,15.85,3,"dead"
"844",3,0,24,1,0,15.85,3,"survived"
"845",3,1,20,0,0,9.5,3,"dead"
"846",3,1,23.5,0,0,7.2292,1,"dead"
"847",3,1,41,2,0,14.1083,3,"dead"
"848",3,1,26,1,0,7.8542,3,"dead"
"849",3,1,21,0,0,7.8542,3,"dead"
"850",3,0,45,1,0,14.1083,3,"survived"
"851",3,0,0,0,0,7.55,3,"dead"
"852",3,1,25,0,0,7.25,3,"dead"
"853",3,1,0,0,0,6.8583,2,"dead"
"854",3,1,11,0,0,18.7875,1,"dead"
"855",3,0,0,0,0,7.75,2,"survived"
"856",3,1,27,0,0,6.975,3,"survived"
"857",3,1,0,0,0,56.4958,3,"survived"
"858",3,0,18,0,0,6.75,2,"dead"
"859",3,0,26,0,0,7.925,3,"survived"
"860",3,0,23,0,0,7.925,3,"dead"
"861",3,0,22,0,0,8.9625,3,"survived"
"862",3,1,28,0,0,7.8958,3,"dead"
"863",3,0,28,0,0,7.775,3,"dead"
"864",3,0,0,0,0,7.75,2,"dead"
"865",3,0,2,0,1,12.2875,3,"survived"
"866",3,0,22,1,1,12.2875,3,"survived"
"867",3,1,43,0,0,6.45,3,"dead"
"868",3,1,28,0,0,22.525,3,"dead"
"869",3,0,27,0,0,7.925,3,"survived"
"870",3,1,0,0,0,7.75,2,"dead"
"871",3,0,0,0,0,8.05,3,"survived"
"872",3,1,42,0,0,7.65,3,"dead"
"873",3,1,0,0,0,7.8875,3,"survived"
"874",3,1,30,0,0,7.2292,1,"dead"
"875",3,1,0,0,0,7.8958,3,"dead"
"876",3,0,27,1,0,7.925,3,"dead"
"877",3,0,25,1,0,7.925,3,"dead"
"878",3,1,0,0,0,7.8958,3,"dead"
"879",3,1,29,0,0,7.8958,1,"survived"
"880",3,1,21,0,0,7.7958,3,"survived"
"881",3,1,0,0,0,7.05,3,"dead"
"882",3,1,20,0,0,7.8542,3,"dead"
"883",3,1,48,0,0,7.8542,3,"dead"
"884",3,1,17,1,0,7.0542,3,"dead"
"885",3,0,0,0,0,7.75,2,"survived"
"886",3,1,0,0,0,8.1125,3,"survived"
"887",3,1,34,0,0,6.4958,3,"dead"
"888",3,1,26,0,0,7.775,3,"survived"
"889",3,1,22,0,0,7.7958,3,"dead"
"890",3,1,33,0,0,8.6542,3,"dead"
"891",3,1,31,0,0,7.775,3,"dead"
"892",3,1,29,0,0,7.8542,3,"dead"
"893",3,1,4,1,1,11.1333,3,"survived"
"894",3,0,1,1,1,11.1333,3,"survived"
"895",3,1,49,0,0,0,3,"dead"
"896",3,1,33,0,0,7.775,3,"dead"
"897",3,1,19,0,0,0,3,"dead"
"898",3,0,27,0,2,11.1333,3,"survived"
"899",3,1,0,1,2,23.45,3,"dead"
"900",3,0,0,1,2,23.45,3,"dead"
"901",3,1,0,1,2,23.45,3,"dead"
"902",3,0,0,1,2,23.45,3,"dead"
"903",3,1,23,0,0,7.8958,3,"dead"
"904",3,1,32,0,0,7.8542,3,"survived"
"905",3,1,27,0,0,7.8542,3,"dead"
"906",3,0,20,1,0,9.825,3,"dead"
"907",3,0,21,1,0,9.825,3,"dead"
"908",3,1,32,0,0,7.925,3,"survived"
"909",3,1,17,0,0,7.125,3,"dead"
"910",3,1,21,0,0,8.4333,3,"dead"
"911",3,1,30,0,0,7.8958,3,"dead"
"912",3,1,21,0,0,7.7958,3,"survived"
"913",3,1,33,0,0,7.8542,3,"dead"
"914",3,1,22,0,0,7.5208,3,"dead"
"915",3,0,4,0,1,13.4167,1,"survived"
"916",3,1,39,0,1,13.4167,1,"survived"
"917",3,1,0,0,0,7.2292,1,"dead"
"918",3,1,18.5,0,0,7.2292,1,"dead"
"919",3,1,0,0,0,7.75,2,"dead"
"920",3,1,0,0,0,7.25,3,"dead"
"921",3,0,0,0,0,7.75,2,"survived"
"922",3,0,0,0,0,7.75,2,"survived"
"923",3,1,34.5,0,0,7.8292,2,"dead"
"924",3,1,44,0,0,8.05,3,"dead"
"925",3,1,0,0,0,7.75,2,"survived"
"926",3,1,0,1,0,14.4542,1,"dead"
"927",3,0,0,1,0,14.4542,1,"dead"
"928",3,1,0,1,0,7.75,2,"dead"
"929",3,1,0,1,0,7.75,2,"dead"
"930",3,1,0,0,0,7.7375,2,"dead"
"931",3,0,22,2,0,8.6625,3,"dead"
"932",3,1,26,2,0,8.6625,3,"dead"
"933",3,0,4,0,2,22.025,3,"survived"
"934",3,1,29,3,1,22.025,3,"survived"
"935",3,0,26,1,1,22.025,3,"survived"
"936",3,0,1,1,1,12.1833,3,"dead"
"937",3,1,18,1,1,7.8542,3,"dead"
"938",3,0,36,0,2,12.1833,3,"dead"
"939",3,1,0,0,0,7.8958,1,"dead"
"940",3,1,25,0,0,7.2292,1,"survived"
"941",3,1,0,0,0,7.225,1,"dead"
"942",3,0,37,0,0,9.5875,3,"dead"
"943",3,1,0,0,0,7.8958,3,"dead"
"944",3,1,0,0,0,56.4958,3,"survived"
"945",3,1,0,0,0,56.4958,3,"dead"
"946",3,0,22,0,0,7.25,3,"survived"
"947",3,1,0,0,0,7.75,2,"dead"
"948",3,1,26,0,0,56.4958,3,"survived"
"949",3,1,29,0,0,9.4833,3,"dead"
"950",3,1,29,0,0,7.775,3,"dead"
"951",3,1,22,0,0,7.775,3,"dead"
"952",3,1,22,0,0,7.225,1,"survived"
"953",3,1,0,3,1,25.4667,3,"dead"
"954",3,0,0,3,1,25.4667,3,"dead"
"955",3,0,0,3,1,25.4667,3,"dead"
"956",3,0,0,3,1,25.4667,3,"dead"
"957",3,0,0,0,4,25.4667,3,"dead"
"958",3,1,32,0,0,7.925,3,"dead"
"959",3,1,34.5,0,0,6.4375,1,"dead"
"960",3,0,0,1,0,15.5,2,"dead"
"961",3,1,0,1,0,15.5,2,"dead"
"962",3,1,36,0,0,0,3,"dead"
"963",3,1,39,0,0,24.15,3,"dead"
"964",3,1,24,0,0,9.5,3,"dead"
"965",3,0,25,0,0,7.775,3,"dead"
"966",3,0,45,0,0,7.75,3,"dead"
"967",3,1,36,1,0,15.55,3,"dead"
"968",3,0,30,1,0,15.55,3,"dead"
"969",3,1,20,1,0,7.925,3,"survived"
"970",3,1,0,0,0,7.8792,2,"dead"
"971",3,1,28,0,0,56.4958,3,"dead"
"972",3,1,0,0,0,7.55,3,"dead"
"973",3,1,30,1,0,16.1,3,"dead"
"974",3,0,26,1,0,16.1,3,"dead"
"975",3,1,0,0,0,7.8792,3,"dead"
"976",3,1,20.5,0,0,7.25,3,"dead"
"977",3,1,27,0,0,8.6625,3,"survived"
"978",3,1,51,0,0,7.0542,3,"dead"
"979",3,0,23,0,0,7.8542,3,"survived"
"980",3,1,32,0,0,7.5792,3,"survived"
"981",3,1,0,0,0,7.8958,3,"dead"
"982",3,1,0,0,0,7.55,3,"dead"
"983",3,0,0,0,0,7.75,2,"survived"
"984",3,1,24,0,0,7.1417,3,"survived"
"985",3,1,22,0,0,7.125,3,"dead"
"986",3,0,0,0,0,7.8792,2,"dead"
"987",3,1,0,0,0,7.75,2,"dead"
"988",3,1,0,0,0,8.05,3,"dead"
"989",3,1,29,0,0,7.925,3,"dead"
"990",3,1,0,0,0,7.2292,1,"survived"
"991",3,0,30.5,0,0,7.75,2,"dead"
"992",3,0,0,0,0,7.7375,2,"survived"
"993",3,1,0,0,0,7.2292,1,"dead"
"994",3,1,35,0,0,7.8958,1,"dead"
"995",3,1,33,0,0,7.8958,3,"dead"
"996",3,0,0,0,0,7.225,1,"survived"
"997",3,1,0,0,0,7.8958,1,"dead"
"998",3,0,0,0,0,7.75,2,"survived"
"999",3,1,0,0,0,7.75,2,"survived"
"1000",3,0,0,2,0,23.25,2,"survived"
"1001",3,0,0,2,0,23.25,2,"survived"
"1002",3,1,0,2,0,23.25,2,"survived"
"1003",3,0,0,0,0,7.7875,2,"survived"
"1004",3,1,0,0,0,15.5,2,"dead"
"1005",3,0,0,0,0,7.8792,2,"survived"
"1006",3,0,15,0,0,8.0292,2,"survived"
"1007",3,0,35,0,0,7.75,2,"dead"
"1008",3,1,0,0,0,7.75,2,"dead"
"1009",3,1,24,1,0,16.1,3,"dead"
"1010",3,0,19,1,0,16.1,3,"dead"
"1011",3,0,0,0,0,7.75,2,"dead"
"1012",3,0,0,0,0,8.05,3,"dead"
"1013",3,0,0,0,0,8.05,3,"dead"
"1014",3,1,55.5,0,0,8.05,3,"dead"
"1015",3,1,0,0,0,7.75,2,"dead"
"1016",3,1,21,0,0,7.775,3,"survived"
"1017",3,1,0,0,0,8.05,3,"dead"
"1018",3,1,24,0,0,7.8958,3,"dead"
"1019",3,1,21,0,0,7.8958,3,"dead"
"1020",3,1,28,0,0,7.8958,3,"dead"
"1021",3,1,0,0,0,7.8958,3,"dead"
"1022",3,0,0,0,0,7.8792,2,"survived"
"1023",3,1,25,0,0,7.65,3,"dead"
"1024",3,1,6,0,1,12.475,3,"survived"
"1025",3,0,27,0,1,12.475,3,"survived"
"1026",3,1,0,0,0,8.05,3,"dead"
"1027",3,0,0,1,0,24.15,2,"survived"
"1028",3,1,0,1,0,24.15,2,"dead"
"1029",3,1,0,0,0,8.4583,2,"dead"
"1030",3,1,34,0,0,8.05,3,"dead"
"1031",3,1,0,0,0,7.75,2,"dead"
"1032",3,1,0,0,0,7.775,3,"survived"
"1033",3,1,0,1,1,15.2458,1,"survived"
"1034",3,1,0,1,1,15.2458,1,"survived"
"1035",3,0,0,0,2,15.2458,1,"survived"
"1036",3,0,0,0,0,7.2292,1,"survived"
"1037",3,1,0,0,0,8.05,3,"dead"
"1038",3,0,0,0,0,7.7333,2,"survived"
"1039",3,0,24,0,0,7.75,2,"survived"
"1040",3,1,0,0,0,8.05,3,"dead"
"1041",3,0,0,1,0,15.5,2,"survived"
"1042",3,0,0,1,0,15.5,2,"survived"
"1043",3,0,0,0,0,15.5,2,"survived"
"1044",3,1,18,0,0,7.75,3,"dead"
"1045",3,1,22,0,0,7.8958,3,"dead"
"1046",3,0,15,0,0,7.225,1,"survived"
"1047",3,0,1,0,2,15.7417,1,"survived"
"1048",3,1,20,1,1,15.7417,1,"survived"
"1049",3,0,19,1,1,15.7417,1,"survived"
"1050",3,1,33,0,0,8.05,3,"dead"
"1051",3,1,0,0,0,7.8958,3,"dead"
"1052",3,1,0,0,0,7.2292,1,"dead"
"1053",3,0,0,0,0,7.75,2,"dead"
"1054",3,1,0,0,0,7.8958,3,"dead"
"1055",3,1,12,1,0,11.2417,1,"survived"
"1056",3,0,14,1,0,11.2417,1,"survived"
"1057",3,0,29,0,0,7.925,3,"dead"
"1058",3,1,28,0,0,8.05,3,"dead"
"1059",3,0,18,0,0,7.775,3,"survived"
"1060",3,0,26,0,0,7.8542,3,"survived"
"1061",3,1,21,0,0,7.8542,3,"dead"
"1062",3,1,41,0,0,7.125,3,"dead"
"1063",3,1,39,0,0,7.925,3,"survived"
"1064",3,1,21,0,0,7.8,3,"dead"
"1065",3,1,28.5,0,0,7.2292,1,"dead"
"1066",3,0,22,0,0,7.75,3,"survived"
"1067",3,1,61,0,0,6.2375,3,"dead"
"1068",3,1,0,1,0,15.5,2,"dead"
"1069",3,1,0,0,0,7.8292,2,"dead"
"1070",3,0,0,1,0,15.5,2,"survived"
"1071",3,1,0,0,0,7.7333,2,"dead"
"1072",3,1,0,0,0,7.75,2,"dead"
"1073",3,1,0,0,0,7.75,2,"dead"
"1074",3,1,23,0,0,9.225,3,"dead"
"1075",3,0,0,0,0,7.75,2,"dead"
"1076",3,0,0,0,0,7.75,2,"survived"
"1077",3,0,0,0,0,7.8792,2,"survived"
"1078",3,0,22,0,0,7.775,3,"survived"
"1079",3,1,0,0,0,7.75,2,"survived"
"1080",3,0,0,0,0,7.8292,2,"survived"
"1081",3,1,9,0,1,3.1708,3,"survived"
"1082",3,1,28,0,0,22.525,3,"dead"
"1083",3,1,42,0,1,8.4042,3,"dead"
"1084",3,1,0,0,0,7.3125,3,"dead"
"1085",3,0,31,0,0,7.8542,3,"dead"
"1086",3,1,28,0,0,7.8542,3,"dead"
"1087",3,1,32,0,0,7.775,3,"survived"
"1088",3,1,20,0,0,9.225,3,"dead"
"1089",3,0,23,0,0,8.6625,3,"dead"
"1090",3,0,20,0,0,8.6625,3,"dead"
"1091",3,1,20,0,0,8.6625,3,"dead"
"1092",3,1,16,0,0,9.2167,3,"dead"
"1093",3,0,31,0,0,8.6833,3,"survived"
"1094",3,0,0,0,0,7.6292,2,"dead"
"1095",3,1,2,3,1,21.075,3,"dead"
"1096",3,1,6,3,1,21.075,3,"dead"
"1097",3,0,3,3,1,21.075,3,"dead"
"1098",3,0,8,3,1,21.075,3,"dead"
"1099",3,0,29,0,4,21.075,3,"dead"
"1100",3,1,1,4,1,39.6875,3,"dead"
"1101",3,1,7,4,1,39.6875,3,"dead"
"1102",3,1,2,4,1,39.6875,3,"dead"
"1103",3,1,16,4,1,39.6875,3,"dead"
"1104",3,1,14,4,1,39.6875,3,"dead"
"1105",3,0,41,0,5,39.6875,3,"dead"
"1106",3,1,21,0,0,8.6625,3,"dead"
"1107",3,1,19,0,0,14.5,3,"dead"
"1108",3,1,0,0,0,8.7125,1,"dead"
"1109",3,1,32,0,0,7.8958,3,"dead"
"1110",3,1,0.75,1,1,13.775,3,"dead"
"1111",3,0,3,1,1,13.775,3,"dead"
"1112",3,0,26,0,2,13.775,3,"dead"
"1113",3,1,0,0,0,7,3,"dead"
"1114",3,1,0,0,0,7.775,3,"dead"
"1115",3,1,0,0,0,8.05,3,"dead"
"1116",3,1,21,0,0,7.925,3,"dead"
"1117",3,1,25,0,0,7.925,3,"dead"
"1118",3,1,22,0,0,7.25,3,"dead"
"1119",3,1,25,1,0,7.775,3,"survived"
"1120",3,1,0,1,1,22.3583,1,"survived"
"1121",3,0,0,1,1,22.3583,1,"survived"
"1122",3,0,0,0,2,22.3583,1,"survived"
"1123",3,0,0,0,0,8.1375,2,"dead"
"1124",3,1,24,0,0,8.05,3,"dead"
"1125",3,0,28,0,0,7.8958,3,"dead"
"1126",3,1,19,0,0,7.8958,3,"dead"
"1127",3,1,0,0,0,7.8958,3,"dead"
"1128",3,1,25,1,0,7.775,3,"dead"
"1129",3,0,18,0,0,7.775,3,"dead"
"1130",3,1,32,0,0,8.05,3,"survived"
"1131",3,1,0,0,0,7.8958,3,"dead"
"1132",3,1,17,0,0,8.6625,3,"dead"
"1133",3,1,24,0,0,8.6625,3,"dead"
"1134",3,1,0,0,0,7.8958,3,"dead"
"1135",3,0,0,0,0,8.1125,3,"dead"
"1136",3,1,0,0,0,7.2292,1,"dead"
"1137",3,1,0,0,0,7.25,3,"dead"
"1138",3,1,38,0,0,7.8958,3,"dead"
"1139",3,1,21,0,0,8.05,3,"dead"
"1140",3,1,10,4,1,29.125,2,"dead"
"1141",3,1,4,4,1,29.125,2,"dead"
"1142",3,1,7,4,1,29.125,2,"dead"
"1143",3,1,2,4,1,29.125,2,"dead"
"1144",3,1,8,4,1,29.125,2,"dead"
"1145",3,0,39,0,5,29.125,2,"dead"
"1146",3,0,22,0,0,39.6875,3,"dead"
"1147",3,1,35,0,0,7.125,3,"dead"
"1148",3,0,0,0,0,7.7208,2,"survived"
"1149",3,1,0,0,0,14.5,3,"dead"
"1150",3,0,0,0,0,14.5,3,"dead"
"1151",3,1,50,1,0,14.5,3,"dead"
"1152",3,0,47,1,0,14.5,3,"dead"
"1153",3,1,0,0,0,8.05,3,"dead"
"1154",3,1,0,0,0,7.775,3,"dead"
"1155",3,0,2,1,1,20.2125,3,"dead"
"1156",3,1,18,1,1,20.2125,3,"dead"
"1157",3,0,41,0,2,20.2125,3,"dead"
"1158",3,0,0,0,0,8.05,3,"survived"
"1159",3,1,50,0,0,8.05,3,"dead"
"1160",3,1,16,0,0,8.05,3,"dead"
"1161",3,1,0,0,0,7.75,2,"survived"
"1162",3,1,0,0,0,24.15,2,"dead"
"1163",3,1,0,0,0,7.2292,1,"dead"
"1164",3,1,25,0,0,7.225,1,"dead"
"1165",3,1,0,0,0,7.225,1,"dead"
"1166",3,1,0,0,0,7.7292,2,"dead"
"1167",3,1,0,0,0,7.575,3,"dead"
"1168",3,1,38.5,0,0,7.25,3,"dead"
"1169",3,1,0,8,2,69.55,3,"dead"
"1170",3,1,14.5,8,2,69.55,3,"dead"
"1171",3,0,0,8,2,69.55,3,"dead"
"1172",3,0,0,8,2,69.55,3,"dead"
"1173",3,0,0,8,2,69.55,3,"dead"
"1174",3,0,0,8,2,69.55,3,"dead"
"1175",3,1,0,8,2,69.55,3,"dead"
"1176",3,1,0,8,2,69.55,3,"dead"
"1177",3,1,0,8,2,69.55,3,"dead"
"1178",3,1,0,1,9,69.55,3,"dead"
"1179",3,0,0,1,9,69.55,3,"dead"
"1180",3,1,24,0,0,9.325,3,"dead"
"1181",3,0,21,0,0,7.65,3,"survived"
"1182",3,1,39,0,0,7.925,3,"dead"
"1183",3,1,0,2,0,21.6792,1,"dead"
"1184",3,1,0,2,0,21.6792,1,"dead"
"1185",3,1,0,2,0,21.6792,1,"dead"
"1186",3,0,1,1,1,16.7,3,"survived"
"1187",3,0,24,0,2,16.7,3,"survived"
"1188",3,0,4,1,1,16.7,3,"survived"
"1189",3,1,25,0,0,9.5,3,"survived"
"1190",3,1,20,0,0,8.05,3,"dead"
"1191",3,1,24.5,0,0,8.05,3,"dead"
"1192",3,1,0,0,0,7.725,2,"dead"
"1193",3,1,0,0,0,7.8958,3,"dead"
"1194",3,1,0,0,0,7.75,2,"dead"
"1195",3,1,29,0,0,9.5,3,"survived"
"1196",3,1,0,0,0,15.1,3,"dead"
"1197",3,0,0,0,0,7.7792,2,"survived"
"1198",3,1,0,0,0,8.05,3,"dead"
"1199",3,1,0,0,0,8.05,3,"dead"
"1200",3,1,22,0,0,7.2292,1,"dead"
"1201",3,1,0,0,0,8.05,3,"dead"
"1202",3,1,40,0,0,7.8958,3,"dead"
"1203",3,1,21,0,0,7.925,3,"dead"
"1204",3,0,18,0,0,7.4958,3,"survived"
"1205",3,1,4,3,2,27.9,3,"dead"
"1206",3,1,10,3,2,27.9,3,"dead"
"1207",3,0,9,3,2,27.9,3,"dead"
"1208",3,0,2,3,2,27.9,3,"dead"
"1209",3,1,40,1,4,27.9,3,"dead"
"1210",3,0,45,1,4,27.9,3,"dead"
"1211",3,1,0,0,0,7.8958,3,"dead"
"1212",3,1,0,0,0,8.05,3,"dead"
"1213",3,1,0,0,0,8.6625,3,"dead"
"1214",3,1,0,0,0,7.75,2,"dead"
"1215",3,0,0,0,0,7.7333,2,"survived"
"1216",3,1,19,0,0,7.65,3,"dead"
"1217",3,1,30,0,0,8.05,3,"dead"
"1218",3,1,0,0,0,8.05,3,"dead"
"1219",3,1,32,0,0,8.05,3,"dead"
"1220",3,1,0,0,0,7.8958,3,"dead"
"1221",3,1,33,0,0,8.6625,1,"dead"
"1222",3,0,23,0,0,7.55,3,"survived"
"1223",3,1,21,0,0,8.05,3,"dead"
"1224",3,1,60.5,0,0,0,3,"dead"
"1225",3,1,19,0,0,7.8958,3,"dead"
"1226",3,0,22,0,0,9.8375,3,"dead"
"1227",3,1,31,0,0,7.925,3,"survived"
"1228",3,1,27,0,0,8.6625,3,"dead"
"1229",3,0,2,0,1,10.4625,3,"dead"
"1230",3,0,29,1,1,10.4625,3,"dead"
"1231",3,1,16,0,0,8.05,3,"survived"
"1232",3,1,44,0,0,7.925,3,"survived"
"1233",3,1,25,0,0,7.05,3,"dead"
"1234",3,1,74,0,0,7.775,3,"dead"
"1235",3,1,14,0,0,9.225,3,"survived"
"1236",3,1,24,0,0,7.7958,3,"dead"
"1237",3,1,25,0,0,7.7958,3,"survived"
"1238",3,1,34,0,0,8.05,3,"dead"
"1239",3,1,0.42,0,1,8.5167,1,"survived"
"1240",3,1,0,1,0,6.4375,1,"dead"
"1241",3,1,0,0,0,6.4375,1,"dead"
"1242",3,1,0,0,0,7.225,1,"dead"
"1243",3,0,16,1,1,8.5167,1,"survived"
"1244",3,1,0,0,0,8.05,3,"dead"
"1245",3,1,0,1,0,16.1,3,"dead"
"1246",3,0,0,1,0,16.1,3,"survived"
"1247",3,1,32,0,0,7.925,3,"dead"
"1248",3,1,0,0,0,7.75,2,"dead"
"1249",3,1,0,0,0,7.8958,3,"dead"
"1250",3,1,30.5,0,0,8.05,3,"dead"
"1251",3,1,44,0,0,8.05,3,"dead"
"1252",3,1,0,0,0,7.2292,1,"dead"
"1253",3,1,25,0,0,0,3,"survived"
"1254",3,1,0,0,0,7.2292,1,"dead"
"1255",3,1,7,1,1,15.2458,1,"survived"
"1256",3,0,9,1,1,15.2458,1,"survived"
"1257",3,0,29,0,2,15.2458,1,"survived"
"1258",3,1,36,0,0,7.8958,3,"dead"
"1259",3,0,18,0,0,9.8417,3,"survived"
"1260",3,0,63,0,0,9.5875,3,"survived"
"1261",3,1,0,1,1,14.5,3,"dead"
"1262",3,1,11.5,1,1,14.5,3,"dead"
"1263",3,1,40.5,0,2,14.5,3,"dead"
"1264",3,0,10,0,2,24.15,3,"dead"
"1265",3,1,36,1,1,24.15,3,"dead"
"1266",3,0,30,1,1,24.15,3,"dead"
"1267",3,1,0,0,0,9.5,3,"dead"
"1268",3,1,33,0,0,9.5,3,"dead"
"1269",3,1,28,0,0,9.5,3,"dead"
"1270",3,1,28,0,0,9.5,3,"dead"
"1271",3,1,47,0,0,9,3,"dead"
"1272",3,0,18,2,0,18,3,"dead"
"1273",3,1,31,3,0,18,3,"dead"
"1274",3,1,16,2,0,18,3,"dead"
"1275",3,0,31,1,0,18,3,"dead"
"1276",3,1,22,0,0,7.225,1,"survived"
"1277",3,1,20,0,0,7.8542,3,"dead"
"1278",3,0,14,0,0,7.8542,3,"dead"
"1279",3,1,22,0,0,7.8958,3,"dead"
"1280",3,1,22,0,0,9,3,"dead"
"1281",3,1,0,0,0,8.05,3,"dead"
"1282",3,1,0,0,0,7.55,3,"dead"
"1283",3,1,0,0,0,8.05,3,"dead"
"1284",3,1,32.5,0,0,9.5,3,"dead"
"1285",3,0,38,0,0,7.2292,1,"survived"
"1286",3,1,51,0,0,7.75,3,"dead"
"1287",3,1,18,1,0,6.4958,3,"dead"
"1288",3,1,21,1,0,6.4958,3,"dead"
"1289",3,0,47,1,0,7,3,"survived"
"1290",3,1,0,0,0,8.7125,3,"dead"
"1291",3,1,0,0,0,7.55,3,"dead"
"1292",3,1,0,0,0,8.05,3,"dead"
"1293",3,1,28.5,0,0,16.1,3,"dead"
"1294",3,1,21,0,0,7.25,3,"dead"
"1295",3,1,27,0,0,8.6625,3,"dead"
"1296",3,1,0,0,0,7.25,3,"dead"
"1297",3,1,36,0,0,9.5,3,"dead"
"1298",3,1,27,1,0,14.4542,1,"dead"
"1299",3,0,15,1,0,14.4542,1,"survived"
"1300",3,1,45.5,0,0,7.225,1,"dead"
"1301",3,1,0,0,0,7.225,1,"dead"
"1302",3,1,0,0,0,14.4583,1,"dead"
"1303",3,0,14.5,1,0,14.4542,1,"dead"
"1304",3,0,0,1,0,14.4542,1,"dead"
"1305",3,1,26.5,0,0,7.225,1,"dead"
"1306",3,1,27,0,0,7.225,1,"dead"
"1307",3,1,29,0,0,7.875,3,"dead"
